seg,features,clf,k,acc_mean,acc_std,precision_f_mean,precision_f_std,precision_t_mean,precision_t_std,recall_f_mean,recall_f_std,recall_t_mean,recall_t_std,f1_f_mean,f1_f_std,f1_t_mean,f1_t_std,avg_p_mean,avg_p_std,avg_r_mean,avg_r_std,avg_f_mean,avg_f_std,note
question_chunk,acoustic,lr,200,0.58180476815,0.0151654869003,0.579414258147,0.0145717182755,0.584406538217,0.0160008723263,0.596980945175,0.0183864165976,0.566619035292,0.0178898000533,0.588012746247,0.0155186524581,0.575317353818,0.0159611604482,0.581910398182,0.0152059538407,0.581799990233,0.0151700327284,0.581665050032,0.0151576130228
